"","title","book_type","rank","rank_last_week","weeks_on_list","author","publisher","description","date_published","book_image","book_image_width","book_image_height"
"1","HOW TO AVOID A CLIMATE DISASTER","Combined Print and E-Book Nonfiction",1,0,1,"Bill Gates","Knopf","A prescription for what business, governments and individuals can do to work toward zero emissions.","2021-03-07","https://storage.googleapis.com/du-prd/books/images/9780385546133.jpg",342,500
"2","JUST AS I AM","Combined Print and E-Book Nonfiction",2,2,4,"Cicely Tyson with Michelle Burford","HarperCollins","The late iconic actress describes how she worked to change perceptions of Black women through her career choices.","2021-03-07","https://storage.googleapis.com/du-prd/books/images/9780062931061.jpg",328,500
"3","THE SUM OF US","Combined Print and E-Book Nonfiction",3,0,1,"Heather McGhee","One World","The chair of the board of the racial justice organization Color of Change analyzes the impact of racism on the economy.","2021-03-07","https://storage.googleapis.com/du-prd/books/images/9780525509561.jpg",329,500
"4","WALK IN MY COMBAT BOOTS","Combined Print and E-Book Nonfiction",4,1,2,"James Patterson and Matt Eversmann with Chris Mooney","Little, Brown","A collection of interviews with troops who fought overseas.","2021-03-07","https://storage.googleapis.com/du-prd/books/images/9780316429092.jpg",322,500
"5","CASTE","Combined Print and E-Book Nonfiction",5,7,29,"Isabel Wilkerson","Random House","The Pulitzer Prize-winning journalist examines aspects of caste systems across civilizations and reveals a rigid hierarchy in America today.","2021-03-07","https://storage.googleapis.com/du-prd/books/images/9780593230251.jpg",330,500
"6","A PROMISED LAND","Combined Print and E-Book Nonfiction",6,4,14,"Barack Obama","Crown","In the first volume of his presidential memoirs, Barack Obama offers personal reflections on his formative years and pivotal moments through his first term.","2021-03-07","https://storage.googleapis.com/du-prd/books/images/9781524763169.jpg",329,500
"7","BETWEEN TWO KINGDOMS","Combined Print and E-Book Nonfiction",7,11,2,"Suleika Jaouad","Random House","The writer of the New York Times column “Life, Interrupted” chronicles her fight with cancer and an impactful road trip.","2021-03-07","https://storage.googleapis.com/du-prd/books/images/9780399588587.jpg",331,500
"8","GREENLIGHTS","Combined Print and E-Book Nonfiction",8,6,18,"Matthew McConaughey","Crown","The Academy Award-winning actor shares snippets from the diaries he kept over the last 35 years.","2021-03-07","https://storage.googleapis.com/du-prd/books/images/9780593139134.jpg",392,500
"9","UNTAMED","Combined Print and E-Book Nonfiction",9,9,50,"Glennon Doyle","Dial","The activist and public speaker describes her journey of listening to her inner voice.","2021-03-07","https://storage.googleapis.com/du-prd/books/images/9781984801258.jpg",330,500
"10","THINK AGAIN","Combined Print and E-Book Nonfiction",10,3,3,"Adam Grant","Viking","An examination of the cognitive skills of rethinking and unlearning that could be used to adapt to a rapidly changing world.","2021-03-07","https://storage.googleapis.com/du-prd/books/images/9781984878106.jpg",331,500
"11","THE BODY KEEPS THE SCORE","Combined Print and E-Book Nonfiction",11,10,26,"Bessel van der Kolk","Penguin","How trauma affects the body and mind, and innovative treatments for recovery.","2021-03-07","https://storage.googleapis.com/du-prd/books/images/9780670785933.jpg",128,193
"12","FOUR HUNDRED SOULS","Combined Print and E-Book Nonfiction",12,5,3,"edited  Ibram X. Kendi and Keisha N. Blain","One World","A compendium featuring 90 writers covering 400 years of African-American history.","2021-03-07","https://storage.googleapis.com/du-prd/books/images/9780593134047.jpg",331,500
"13","THE DAUGHTERS OF KOBANI","Combined Print and E-Book Nonfiction",13,0,1,"Gayle Tzemach Lemmon","Penguin Press","In 2014, a group of all-female Kurdish militia faced off against ISIS in a small town in Syria.","2021-03-07","https://storage.googleapis.com/du-prd/books/images/9780525560685.jpg",331,500
"14","THE BLACK CHURCH","Combined Print and E-Book Nonfiction",14,0,1,"Henry Louis Gates, Jr","Penguin Press","The companion book to the PBS series that provides a look at five centuries of the meaning and functions of the Black church in America.","2021-03-07","https://storage.googleapis.com/du-prd/books/images/9781984880338.jpg",329,500
"15","UNMASKED","Combined Print and E-Book Nonfiction",15,8,3,"Andy Ngo","Center Street","A former writer for the online magazine Quillette gives his perspective on the activist movement antifa.","2021-03-07","https://storage.googleapis.com/du-prd/books/images/9781546059585.jpg",331,500
"16","HOW TO AVOID A CLIMATE DISASTER","Combined Print and E-Book Nonfiction",1,1,2,"Bill Gates","Knopf","A prescription for what business, governments and individuals can do to work toward zero emissions.","2021-03-14","https://storage.googleapis.com/du-prd/books/images/9780385546133.jpg",342,500
"17","THINK AGAIN","Combined Print and E-Book Nonfiction",2,10,4,"Adam Grant","Viking","An examination of the cognitive skills of rethinking and unlearning that could be used to adapt to a rapidly changing world.","2021-03-14","https://storage.googleapis.com/du-prd/books/images/9781984878106.jpg",331,500
"18","GREENLIGHTS","Combined Print and E-Book Nonfiction",3,8,19,"Matthew McConaughey","Crown","The Academy Award-winning actor shares snippets from the diaries he kept over the last 35 years.","2021-03-14","https://storage.googleapis.com/du-prd/books/images/9780593139134.jpg",392,500
"19","CASTE","Combined Print and E-Book Nonfiction",4,5,30,"Isabel Wilkerson","Random House","The Pulitzer Prize-winning journalist examines aspects of caste systems across civilizations and reveals a rigid hierarchy in America today.","2021-03-14","https://storage.googleapis.com/du-prd/books/images/9780593230251.jpg",330,500
"20","WALK IN MY COMBAT BOOTS","Combined Print and E-Book Nonfiction",5,4,3,"James Patterson and Matt Eversmann with Chris Mooney","Little, Brown","A collection of interviews with troops who fought overseas.","2021-03-14","https://storage.googleapis.com/du-prd/books/images/9780316429092.jpg",322,500
"21","JUST AS I AM","Combined Print and E-Book Nonfiction",6,2,5,"Cicely Tyson with Michelle Burford","HarperCollins","The late iconic actress describes how she worked to change perceptions of Black women through her career choices.","2021-03-14","https://storage.googleapis.com/du-prd/books/images/9780062931061.jpg",328,500
"22","THE SUM OF US","Combined Print and E-Book Nonfiction",7,3,2,"Heather McGhee","One World","The chair of the board of the racial justice organization Color of Change analyzes the impact of racism on the economy.","2021-03-14","https://storage.googleapis.com/du-prd/books/images/9780525509561.jpg",329,500
"23","A PROMISED LAND","Combined Print and E-Book Nonfiction",8,6,15,"Barack Obama","Crown","In the first volume of his presidential memoirs, Barack Obama offers personal reflections on his formative years and pivotal moments through his first term.","2021-03-14","https://storage.googleapis.com/du-prd/books/images/9781524763169.jpg",329,500
"24","UNTAMED","Combined Print and E-Book Nonfiction",9,9,51,"Glennon Doyle","Dial","The activist and public speaker describes her journey of listening to her inner voice.","2021-03-14","https://storage.googleapis.com/du-prd/books/images/9781984801258.jpg",330,500
"25","NOMADLAND","Combined Print and E-Book Nonfiction",10,0,1,"Jessica Bruder","Norton"," A look at an expanding low-cost labor pool, which largely consists of transient older adults, and what this might portend.","2021-03-14","https://storage.googleapis.com/du-prd/books/images/9780393356311.jpg",333,500
"26","THE BODY KEEPS THE SCORE","Combined Print and E-Book Nonfiction",11,11,27,"Bessel van der Kolk","Penguin","How trauma affects the body and mind, and innovative treatments for recovery.","2021-03-14","https://storage.googleapis.com/du-prd/books/images/9780670785933.jpg",128,193
"27","FOUR HUNDRED SOULS","Combined Print and E-Book Nonfiction",12,12,4,"edited  Ibram X. Kendi and Keisha N. Blain","One World","A compendium featuring 90 writers covering 400 years of African-American history.","2021-03-14","https://storage.googleapis.com/du-prd/books/images/9780593134047.jpg",331,500
"28","THINKING, FAST AND SLOW","Combined Print and E-Book Nonfiction",13,0,22,"Daniel Kahneman","Farrar, Straus & Giroux","The winner of the Nobel in economic science discusses how we make choices.","2021-03-14","https://storage.googleapis.com/du-prd/books/images/9781429969352.jpg",330,490
"29","BETWEEN TWO KINGDOMS","Combined Print and E-Book Nonfiction",14,7,3,"Suleika Jaouad","Random House","The writer of the New York Times column “Life, Interrupted” chronicles her fight with cancer and an impactful road trip.","2021-03-14","https://storage.googleapis.com/du-prd/books/images/9780399588587.jpg",331,500
"30","THE DAUGHTERS OF KOBANI","Combined Print and E-Book Nonfiction",15,13,2,"Gayle Tzemach Lemmon","Penguin Press","In 2014, a group of all-female Kurdish militia faced off against ISIS in a small town in Syria.","2021-03-14","https://storage.googleapis.com/du-prd/books/images/9780525560685.jpg",331,500
"31","HOW TO AVOID A CLIMATE DISASTER","Combined Print and E-Book Nonfiction",1,1,3,"Bill Gates","Knopf","A prescription for what business, governments and individuals can do to work toward zero emissions.","2021-03-21","https://storage.googleapis.com/du-prd/books/images/9780385546133.jpg",342,500
"32","CASTE","Combined Print and E-Book Nonfiction",2,4,31,"Isabel Wilkerson","Random House","The Pulitzer Prize-winning journalist examines aspects of caste systems across civilizations and reveals a rigid hierarchy in America today.","2021-03-21","https://storage.googleapis.com/du-prd/books/images/9780593230251.jpg",330,500
"33","THINK AGAIN","Combined Print and E-Book Nonfiction",3,2,5,"Adam Grant","Viking","An examination of the cognitive skills of rethinking and unlearning that could be used to adapt to a rapidly changing world.","2021-03-21","https://storage.googleapis.com/du-prd/books/images/9781984878106.jpg",331,500
"34","UNTAMED","Combined Print and E-Book Nonfiction",4,9,52,"Glennon Doyle","Dial","The activist and public speaker describes her journey of listening to her inner voice.","2021-03-21","https://storage.googleapis.com/du-prd/books/images/9781984801258.jpg",330,500
"35","JUST AS I AM","Combined Print and E-Book Nonfiction",5,6,6,"Cicely Tyson with Michelle Burford","HarperCollins","The late iconic actress describes how she worked to change perceptions of Black women through her career choices.","2021-03-21","https://storage.googleapis.com/du-prd/books/images/9780062931061.jpg",328,500
"36","GREENLIGHTS","Combined Print and E-Book Nonfiction",6,3,20,"Matthew McConaughey","Crown","The Academy Award-winning actor shares snippets from the diaries he kept over the last 35 years.","2021-03-21","https://storage.googleapis.com/du-prd/books/images/9780593139134.jpg",392,500
"37","THE SUM OF US","Combined Print and E-Book Nonfiction",7,7,3,"Heather McGhee","One World","The chair of the board of the racial justice organization Color of Change analyzes the impact of racism on the economy.","2021-03-21","https://storage.googleapis.com/du-prd/books/images/9780525509561.jpg",329,500
"38","A PROMISED LAND","Combined Print and E-Book Nonfiction",8,8,16,"Barack Obama","Crown","In the first volume of his presidential memoirs, Barack Obama offers personal reflections on his formative years and pivotal moments through his first term.","2021-03-21","https://storage.googleapis.com/du-prd/books/images/9781524763169.jpg",329,500
"39","NOMADLAND","Combined Print and E-Book Nonfiction",9,10,2,"Jessica Bruder","Norton"," A look at an expanding low-cost labor pool, which largely consists of transient older adults, and what this might portend.","2021-03-21","https://storage.googleapis.com/du-prd/books/images/9780393356311.jpg",333,500
"40","WALK IN MY COMBAT BOOTS","Combined Print and E-Book Nonfiction",10,5,4,"James Patterson and Matt Eversmann with Chris Mooney","Little, Brown","A collection of interviews with troops who fought overseas.","2021-03-21","https://storage.googleapis.com/du-prd/books/images/9780316429092.jpg",322,500
"41","HUNT, GATHER, PARENT","Combined Print and E-Book Nonfiction",11,0,1,"Michaeleen Doucleff","Avid Reader/Simon & Schuster","A look at different approaches to rearing children from various parts of the planet.","2021-03-21","https://storage.googleapis.com/du-prd/books/images/9781982149673.jpg",329,500
"42","BECOMING","Combined Print and E-Book Nonfiction",12,0,99,"Michelle Obama","Crown","The former first lady describes her journey from the South Side of Chicago to the White House, and how she balanced work, family and her husband’s political ascent.","2021-03-21","https://storage.googleapis.com/du-prd/books/images/9781524763138.jpg",326,495
"43","THE BODY KEEPS THE SCORE","Combined Print and E-Book Nonfiction",13,11,28,"Bessel van der Kolk","Penguin","How trauma affects the body and mind, and innovative treatments for recovery.","2021-03-21","https://storage.googleapis.com/du-prd/books/images/9780670785933.jpg",128,193
"44","FOUR HUNDRED SOULS","Combined Print and E-Book Nonfiction",14,12,5,"edited  Ibram X. Kendi and Keisha N. Blain","One World","A compendium featuring 90 writers covering 400 years of African-American history.","2021-03-21","https://storage.googleapis.com/du-prd/books/images/9780593134047.jpg",331,500
"45","THINKING, FAST AND SLOW","Combined Print and E-Book Nonfiction",15,13,23,"Daniel Kahneman","Farrar, Straus & Giroux","The winner of the Nobel in economic science discusses how we make choices.","2021-03-21","https://storage.googleapis.com/du-prd/books/images/9781429969352.jpg",330,490
"46","HOW TO AVOID A CLIMATE DISASTER","Hardcover Nonfiction",1,0,1,"Bill Gates","Knopf","A prescription for what business, governments and individuals can do to work toward zero emissions.","2021-03-07","https://storage.googleapis.com/du-prd/books/images/9780385546133.jpg",342,500
"47","JUST AS I AM","Hardcover Nonfiction",2,2,4,"Cicely Tyson with Michelle Burford","HarperCollins","The late iconic actress describes how she worked to change perceptions of Black women through her career choices.","2021-03-07","https://storage.googleapis.com/du-prd/books/images/9780062931061.jpg",328,500
"48","THE SUM OF US","Hardcover Nonfiction",3,0,1,"Heather McGhee","One World","The chair of the board of the racial justice organization Color of Change analyzes the impact of racism on the economy.","2021-03-07","https://storage.googleapis.com/du-prd/books/images/9780525509561.jpg",329,500
"49","WALK IN MY COMBAT BOOTS","Hardcover Nonfiction",4,1,2,"James Patterson and Matt Eversmann with Chris Mooney","Little, Brown","A collection of interviews with troops who fought overseas.","2021-03-07","https://storage.googleapis.com/du-prd/books/images/9780316429092.jpg",322,500
"50","A PROMISED LAND","Hardcover Nonfiction",5,3,14,"Barack Obama","Crown","In the first volume of his presidential memoirs, Barack Obama offers personal reflections on his formative years and pivotal moments through his first term.","2021-03-07","https://storage.googleapis.com/du-prd/books/images/9781524763169.jpg",329,500
"51","CASTE","Hardcover Nonfiction",6,8,29,"Isabel Wilkerson","Random House","The Pulitzer Prize-winning journalist examines aspects of caste systems across civilizations and reveals a rigid hierarchy in America today.","2021-03-07","https://storage.googleapis.com/du-prd/books/images/9780593230251.jpg",330,500
"52","GREENLIGHTS","Hardcover Nonfiction",7,6,18,"Matthew McConaughey","Crown","The Academy Award-winning actor shares snippets from the diaries he kept over the last 35 years.","2021-03-07","https://storage.googleapis.com/du-prd/books/images/9780593139134.jpg",392,500
"53","BETWEEN TWO KINGDOMS","Hardcover Nonfiction",8,10,2,"Suleika Jaouad","Random House","The writer of the New York Times column “Life, Interrupted” chronicles her fight with cancer and an impactful road trip.","2021-03-07","https://storage.googleapis.com/du-prd/books/images/9780399588587.jpg",331,500
"54","UNTAMED","Hardcover Nonfiction",9,9,50,"Glennon Doyle","Dial","The activist and public speaker describes her journey of listening to her inner voice.","2021-03-07","https://storage.googleapis.com/du-prd/books/images/9781984801258.jpg",330,500
"55","FOUR HUNDRED SOULS","Hardcover Nonfiction",10,5,3,"edited  Ibram X. Kendi and Keisha N. Blain","One World","A compendium featuring 90 writers covering 400 years of African-American history.","2021-03-07","https://storage.googleapis.com/du-prd/books/images/9780593134047.jpg",331,500
"56","THINK AGAIN","Hardcover Nonfiction",11,4,3,"Adam Grant","Viking","An examination of the cognitive skills of rethinking and unlearning that could be used to adapt to a rapidly changing world.","2021-03-07","https://storage.googleapis.com/du-prd/books/images/9781984878106.jpg",331,500
"57","UNMASKED","Hardcover Nonfiction",12,7,3,"Andy Ngo","Center Street","A former writer for the online magazine Quillette gives his perspective on the activist movement antifa.","2021-03-07","https://storage.googleapis.com/du-prd/books/images/9781546059585.jpg",331,500
"58","THE BLACK CHURCH","Hardcover Nonfiction",13,0,1,"Henry Louis Gates, Jr","Penguin Press","The companion book to the PBS series that provides a look at five centuries of the meaning and functions of the Black church in America.","2021-03-07","https://storage.googleapis.com/du-prd/books/images/9781984880338.jpg",329,500
"59","THE DAUGHTERS OF KOBANI","Hardcover Nonfiction",14,0,1,"Gayle Tzemach Lemmon","Penguin Press","In 2014, a group of all-female Kurdish militia faced off against ISIS in a small town in Syria.","2021-03-07","https://storage.googleapis.com/du-prd/books/images/9780525560685.jpg",331,500
"60","BECOMING","Hardcover Nonfiction",15,11,106,"Michelle Obama","Crown","The former first lady describes how she balanced work, family and her husband’s political ascent.","2021-03-07","https://storage.googleapis.com/du-prd/books/images/9781524763138.jpg",326,495
"61","HOW TO AVOID A CLIMATE DISASTER","Hardcover Nonfiction",1,1,2,"Bill Gates","Knopf","A prescription for what business, governments and individuals can do to work toward zero emissions.","2021-03-14","https://storage.googleapis.com/du-prd/books/images/9780385546133.jpg",342,500
"62","JUST AS I AM","Hardcover Nonfiction",2,2,5,"Cicely Tyson with Michelle Burford","HarperCollins","The late iconic actress describes how she worked to change perceptions of Black women through her career choices.","2021-03-14","https://storage.googleapis.com/du-prd/books/images/9780062931061.jpg",328,500
"63","THINK AGAIN","Hardcover Nonfiction",3,11,4,"Adam Grant","Viking","An examination of the cognitive skills of rethinking and unlearning that could be used to adapt to a rapidly changing world.","2021-03-14","https://storage.googleapis.com/du-prd/books/images/9781984878106.jpg",331,500
"64","GREENLIGHTS","Hardcover Nonfiction",4,7,19,"Matthew McConaughey","Crown","The Academy Award-winning actor shares snippets from the diaries he kept over the last 35 years.","2021-03-14","https://storage.googleapis.com/du-prd/books/images/9780593139134.jpg",392,500
"65","WALK IN MY COMBAT BOOTS","Hardcover Nonfiction",5,4,3,"James Patterson and Matt Eversmann with Chris Mooney","Little, Brown","A collection of interviews with troops who fought overseas.","2021-03-14","https://storage.googleapis.com/du-prd/books/images/9780316429092.jpg",322,500
"66","CASTE","Hardcover Nonfiction",6,6,30,"Isabel Wilkerson","Random House","The Pulitzer Prize-winning journalist examines aspects of caste systems across civilizations and reveals a rigid hierarchy in America today.","2021-03-14","https://storage.googleapis.com/du-prd/books/images/9780593230251.jpg",330,500
"67","A PROMISED LAND","Hardcover Nonfiction",7,5,15,"Barack Obama","Crown","In the first volume of his presidential memoirs, Barack Obama offers personal reflections on his formative years and pivotal moments through his first term.","2021-03-14","https://storage.googleapis.com/du-prd/books/images/9781524763169.jpg",329,500
"68","THE SUM OF US","Hardcover Nonfiction",8,3,2,"Heather McGhee","One World","The chair of the board of the racial justice organization Color of Change analyzes the impact of racism on the economy.","2021-03-14","https://storage.googleapis.com/du-prd/books/images/9780525509561.jpg",329,500
"69","UNTAMED","Hardcover Nonfiction",9,9,51,"Glennon Doyle","Dial","The activist and public speaker describes her journey of listening to her inner voice.","2021-03-14","https://storage.googleapis.com/du-prd/books/images/9781984801258.jpg",330,500
"70","FOUR HUNDRED SOULS","Hardcover Nonfiction",10,10,4,"edited  Ibram X. Kendi and Keisha N. Blain","One World","A compendium featuring 90 writers covering 400 years of African-American history.","2021-03-14","https://storage.googleapis.com/du-prd/books/images/9780593134047.jpg",331,500
"71","HOW TO BE AN ANTIRACIST","Hardcover Nonfiction",11,0,43,"Ibram X. Kendi","One World","A primer for creating a more just and equitable society through identifying and opposing racism.","2021-03-14","https://storage.googleapis.com/du-prd/books/images/9780525509288.jpg",328,495
"72","BETWEEN TWO KINGDOMS","Hardcover Nonfiction",12,8,3,"Suleika Jaouad","Random House","The writer of the New York Times column “Life, Interrupted” chronicles her fight with cancer and an impactful road trip.","2021-03-14","https://storage.googleapis.com/du-prd/books/images/9780399588587.jpg",331,500
"73","THE DAUGHTERS OF KOBANI","Hardcover Nonfiction",13,14,2,"Gayle Tzemach Lemmon","Penguin Press","In 2014, a group of all-female Kurdish militia faced off against ISIS in a small town in Syria.","2021-03-14","https://storage.googleapis.com/du-prd/books/images/9780525560685.jpg",331,500
"74","BECOMING","Hardcover Nonfiction",14,15,107,"Michelle Obama","Crown","The former first lady describes how she balanced work, family and her husband’s political ascent.","2021-03-14","https://storage.googleapis.com/du-prd/books/images/9781524763138.jpg",326,495
"75","A SWIM IN A POND IN THE RAIN","Hardcover Nonfiction",15,0,5,"George Saunders","Random House","A collection of essays examining the functions and importance of works of fiction.","2021-03-14","https://storage.googleapis.com/du-prd/books/images/9781984856029.jpg",330,500
"76","HOW TO AVOID A CLIMATE DISASTER","Hardcover Nonfiction",1,1,3,"Bill Gates","Knopf","A prescription for what business, governments and individuals can do to work toward zero emissions.","2021-03-21","https://storage.googleapis.com/du-prd/books/images/9780385546133.jpg",342,500
"77","JUST AS I AM","Hardcover Nonfiction",2,2,6,"Cicely Tyson with Michelle Burford","HarperCollins","The late iconic actress describes how she worked to change perceptions of Black women through her career choices.","2021-03-21","https://storage.googleapis.com/du-prd/books/images/9780062931061.jpg",328,500
"78","CASTE","Hardcover Nonfiction",3,6,31,"Isabel Wilkerson","Random House","The Pulitzer Prize-winning journalist examines aspects of caste systems across civilizations and reveals a rigid hierarchy in America today.","2021-03-21","https://storage.googleapis.com/du-prd/books/images/9780593230251.jpg",330,500
"79","THINK AGAIN","Hardcover Nonfiction",4,3,5,"Adam Grant","Viking","An examination of the cognitive skills of rethinking and unlearning that could be used to adapt to a rapidly changing world.","2021-03-21","https://storage.googleapis.com/du-prd/books/images/9781984878106.jpg",331,500
"80","UNTAMED","Hardcover Nonfiction",5,9,52,"Glennon Doyle","Dial","The activist and public speaker describes her journey of listening to her inner voice.","2021-03-21","https://storage.googleapis.com/du-prd/books/images/9781984801258.jpg",330,500
"81","GREENLIGHTS","Hardcover Nonfiction",6,4,20,"Matthew McConaughey","Crown","The Academy Award-winning actor shares snippets from the diaries he kept over the last 35 years.","2021-03-21","https://storage.googleapis.com/du-prd/books/images/9780593139134.jpg",392,500
"82","A PROMISED LAND","Hardcover Nonfiction",7,7,16,"Barack Obama","Crown","In the first volume of his presidential memoirs, Barack Obama offers personal reflections on his formative years and pivotal moments through his first term.","2021-03-21","https://storage.googleapis.com/du-prd/books/images/9781524763169.jpg",329,500
"83","WALK IN MY COMBAT BOOTS","Hardcover Nonfiction",8,5,4,"James Patterson and Matt Eversmann with Chris Mooney","Little, Brown","A collection of interviews with troops who fought overseas.","2021-03-21","https://storage.googleapis.com/du-prd/books/images/9780316429092.jpg",322,500
"84","THE SUM OF US","Hardcover Nonfiction",9,8,3,"Heather McGhee","One World","The chair of the board of the racial justice organization Color of Change analyzes the impact of racism on the economy.","2021-03-21","https://storage.googleapis.com/du-prd/books/images/9780525509561.jpg",329,500
"85","HUNT, GATHER, PARENT","Hardcover Nonfiction",10,0,1,"Michaeleen Doucleff","Avid Reader/Simon & Schuster","A look at different approaches to rearing children from various parts of the planet.","2021-03-21","https://storage.googleapis.com/du-prd/books/images/9781982149673.jpg",329,500
"86","FOUR HUNDRED SOULS","Hardcover Nonfiction",11,10,5,"edited  Ibram X. Kendi and Keisha N. Blain","One World","A compendium featuring 90 writers covering 400 years of African-American history.","2021-03-21","https://storage.googleapis.com/du-prd/books/images/9780593134047.jpg",331,500
"87","BREATH","Hardcover Nonfiction",12,0,16,"James Nestor","Riverhead","A re-examination of a basic biological function and a look at the science behind ancient breathing practices.","2021-03-21","https://storage.googleapis.com/du-prd/books/images/9780735213616.jpg",331,500
"88","WORLD OF WONDERS","Hardcover Nonfiction",13,0,8,"Aimee Nezhukumatathil","Milkweed","In a collection of essays, the poet celebrates various aspects of the natural world and its inhabitants.","2021-03-21","https://storage.googleapis.com/du-prd/books/images/9781571311931.jpg",324,500
"89","HOW TO BE AN ANTIRACIST","Hardcover Nonfiction",14,11,44,"Ibram X. Kendi","One World","A primer for creating a more just and equitable society through identifying and opposing racism.","2021-03-21","https://storage.googleapis.com/du-prd/books/images/9780525509288.jpg",328,495
"90","UNCOMFORTABLE CONVERSATIONS WITH A BLACK MAN","Hardcover Nonfiction",15,0,9,"Emmanuel Acho","Flatiron","A look at some questions and concepts needed to address systemic racism.","2021-03-21","https://storage.googleapis.com/du-prd/books/images/9781250800466.jpg",324,500
"91","THE BODY KEEPS THE SCORE","Paperback Nonfiction",1,1,122,"Bessel van der Kolk","Penguin","How trauma affects the body and mind, and innovative treatments for recovery.","2021-03-07","https://storage.googleapis.com/du-prd/books/images/9780670785933.jpg",128,193
"92","WHITE FRAGILITY","Paperback Nonfiction",2,2,129,"Robin DiAngelo","Beacon","Historical and cultural analyses on what causes defensive moves by white people and how this inhibits cross-racial dialogue.","2021-03-07","https://storage.googleapis.com/du-prd/books/images/9780807047415.jpg",330,495
"93","BRAIDING SWEETGRASS","Paperback Nonfiction",3,4,45,"Robin Wall Kimmerer","Milkweed Editions","A botanist and member of the Citizen Potawatomi Nation espouses having an understanding and appreciation of plants and animals.","2021-03-07","https://storage.googleapis.com/du-prd/books/images/9781571313560.jpg",321,495
"94","THE BODY","Paperback Nonfiction",4,3,4,"Bill Bryson","Anchor","An owner’s manual of the human body covering various parts, functions and what happens when things go wrong.","2021-03-07","https://storage.googleapis.com/du-prd/books/images/9780385539302.jpg",330,482
"95","NOMADLAND","Paperback Nonfiction",5,0,1,"Jessica Bruder","Norton","A look at an expanding low-cost labor pool, which largely consists of transient older adults, and what this might portend.","2021-03-07","https://storage.googleapis.com/du-prd/books/images/9780393356311.jpg",333,500
"96","THE WARMTH OF OTHER SUNS","Paperback Nonfiction",6,5,60,"Isabel Wilkerson","Vintage","An account of the Great Migration of 1915-70, in which six million African-Americans abandoned the South.","2021-03-07","https://storage.googleapis.com/du-prd/books/images/9780679763888.jpg",298,450
"97","BORN A CRIME","Paperback Nonfiction",7,6,106,"Trevor Noah","One World","A memoir about growing up biracial in apartheid South Africa by the host of “The Daily Show.”","2021-03-07","https://storage.googleapis.com/du-prd/books/images/9780399588181.jpg",326,495
"98","SAPIENS","Paperback Nonfiction",8,8,132,"Yuval Noah Harari","Harper Perennial","How Homo sapiens became Earth’s dominant species.","2021-03-07","https://storage.googleapis.com/du-prd/books/images/9780062316097.jpg",128,192
"99","ON TYRANNY","Paperback Nonfiction",9,13,84,"Timothy Snyder","Tim Duggan","Twenty lessons from the 20th century about the course of tyranny.","2021-03-07","https://storage.googleapis.com/du-prd/books/images/9780804190114.jpg",330,465
"100","SO YOU WANT TO TALK ABOUT RACE","Paperback Nonfiction",10,11,33,"Ijeoma Oluo","Seal","A look at the contemporary racial landscape of the United States.","2021-03-07","https://storage.googleapis.com/du-prd/books/images/9781580056786.jpg",330,495
"101","JUST MERCY","Paperback Nonfiction",11,7,242,"Bryan Stevenson","One World","A civil rights lawyer and MacArthur grant recipient’s memoir of his decades of work to free innocent people condemned to death.","2021-03-07","https://storage.googleapis.com/du-prd/books/images/9780812994520.jpg",128,193
"102","THE NEW JIM CROW","Paperback Nonfiction",12,10,222,"Michelle Alexander","New Press","A law professor on the “war on drugs” and its role in the disproportionate incarceration of Black men.","2021-03-07","https://storage.googleapis.com/du-prd/books/images/9781595586438.jpg",128,191
"103","MY GRANDMOTHER'S HANDS","Paperback Nonfiction",13,0,13,"Resmaa Menakem","Central Recovery","A therapist who specializes in trauma, body-centered psychotherapy and violence prevention explains racism's effect on the body.","2021-03-07","https://storage.googleapis.com/du-prd/books/images/9781942094470.jpg",333,499
"104","THE COLOR OF LAW","Paperback Nonfiction",14,12,41,"Richard Rothstein","Liveright","A case for how the American government abetted racial segregation in metropolitan areas across the country.","2021-03-07","https://storage.googleapis.com/du-prd/books/images/9781631494536.jpg",314,495
"105","OUTLIERS","Paperback Nonfiction",15,15,329,"Malcolm Gladwell","Back Bay/Little, Brown","Unexpected factors that explain why some people succeed, such as upbringing, timing and 10,000 hours of deliberate practice.","2021-03-07","https://storage.googleapis.com/du-prd/books/images/9780316017930.jpg",184,280
"106","THE BODY KEEPS THE SCORE","Paperback Nonfiction",1,1,123,"Bessel van der Kolk","Penguin","How trauma affects the body and mind, and innovative treatments for recovery.","2021-03-14","https://storage.googleapis.com/du-prd/books/images/9780670785933.jpg",128,193
"107","NOMADLAND","Paperback Nonfiction",2,5,2,"Jessica Bruder","Norton","A look at an expanding low-cost labor pool, which largely consists of transient older adults, and what this might portend.","2021-03-14","https://storage.googleapis.com/du-prd/books/images/9780393356311.jpg",333,500
"108","THINKING, FAST AND SLOW","Paperback Nonfiction",3,0,261,"Daniel Kahneman","Farrar, Straus & Giroux","When we can and cannot trust our intuitions in making business and personal decisions.","2021-03-14","https://storage.googleapis.com/du-prd/books/images/9781429969352.jpg",330,490
"109","WHITE FRAGILITY","Paperback Nonfiction",4,2,130,"Robin DiAngelo","Beacon","Historical and cultural analyses on what causes defensive moves by white people and how this inhibits cross-racial dialogue.","2021-03-14","https://storage.googleapis.com/du-prd/books/images/9780807047415.jpg",330,495
"110","BRAIDING SWEETGRASS","Paperback Nonfiction",5,3,46,"Robin Wall Kimmerer","Milkweed Editions","A botanist and member of the Citizen Potawatomi Nation espouses having an understanding and appreciation of plants and animals.","2021-03-14","https://storage.googleapis.com/du-prd/books/images/9781571313560.jpg",321,495
"111","THE BODY","Paperback Nonfiction",6,4,5,"Bill Bryson","Anchor","An owner’s manual of the human body covering various parts, functions and what happens when things go wrong.","2021-03-14","https://storage.googleapis.com/du-prd/books/images/9780385539302.jpg",330,482
"112","THE WARMTH OF OTHER SUNS","Paperback Nonfiction",7,6,61,"Isabel Wilkerson","Vintage","An account of the Great Migration of 1915-70, in which six million African-Americans abandoned the South.","2021-03-14","https://storage.googleapis.com/du-prd/books/images/9780679763888.jpg",298,450
"113","BORN A CRIME","Paperback Nonfiction",8,7,107,"Trevor Noah","One World","A memoir about growing up biracial in apartheid South Africa by the host of “The Daily Show.”","2021-03-14","https://storage.googleapis.com/du-prd/books/images/9780399588181.jpg",326,495
"114","WE DO THIS 'TIL WE FREE US","Paperback Nonfiction",9,0,1,"Mariame Kaba","Haymarket","A collection of essays and interviews that articulate the work of abolition and transformative justice.","2021-03-14","https://storage.googleapis.com/du-prd/books/images/9781642595253.jpg",323,500
"115","ALL ABOUT LOVE","Paperback Nonfiction",10,0,1,"bell hooks","Morrow","The feminist icon explores the causes of a polarized society and the meaning of love.","2021-03-14","https://storage.googleapis.com/du-prd/books/images/9780060959470.jpg",319,500
"116","SAPIENS","Paperback Nonfiction",11,8,133,"Yuval Noah Harari","Harper Perennial","How Homo sapiens became Earth’s dominant species.","2021-03-14","https://storage.googleapis.com/du-prd/books/images/9780062316097.jpg",128,192
"117","JUST MERCY","Paperback Nonfiction",12,11,243,"Bryan Stevenson","One World","A civil rights lawyer and MacArthur grant recipient’s memoir of his decades of work to free innocent people condemned to death.","2021-03-14","https://storage.googleapis.com/du-prd/books/images/9780812994520.jpg",128,193
"118","HOOD FEMINISM","Paperback Nonfiction",13,0,1,"Mikki Kendall","Penguin","A critique of how today's mainstream feminism overlooks basic needs such as access to food, education, living wages and medical care.","2021-03-14","https://storage.googleapis.com/du-prd/books/images/9780525560548.jpg",333,500
"119","THE COLOR OF LAW","Paperback Nonfiction",14,14,42,"Richard Rothstein","Liveright","A case for how the American government abetted racial segregation in metropolitan areas across the country.","2021-03-14","https://storage.googleapis.com/du-prd/books/images/9781631494536.jpg",314,495
"120","THE NEW JIM CROW","Paperback Nonfiction",15,12,223,"Michelle Alexander","New Press","A law professor on the “war on drugs” and its role in the disproportionate incarceration of Black men.","2021-03-14","https://storage.googleapis.com/du-prd/books/images/9781595586438.jpg",128,191
"121","THE BODY KEEPS THE SCORE","Paperback Nonfiction",1,1,124,"Bessel van der Kolk","Penguin","How trauma affects the body and mind, and innovative treatments for recovery.","2021-03-21","https://storage.googleapis.com/du-prd/books/images/9780670785933.jpg",128,193
"122","NOMADLAND","Paperback Nonfiction",2,2,3,"Jessica Bruder","Norton","A look at an expanding low-cost labor pool, which largely consists of transient older adults, and what this might portend.","2021-03-21","https://storage.googleapis.com/du-prd/books/images/9780393356311.jpg",333,500
"123","BECOMING","Paperback Nonfiction",3,0,1,"Michelle Obama","Crown","The former first lady describes her journey from the South Side of Chicago to the White House, and how she balanced work, family and her husband’s political ascent.","2021-03-21","https://storage.googleapis.com/du-prd/books/images/9781524763138.jpg",326,495
"124","WHITE FRAGILITY","Paperback Nonfiction",4,4,131,"Robin DiAngelo","Beacon","Historical and cultural analyses on what causes defensive moves by white people and how this inhibits cross-racial dialogue.","2021-03-21","https://storage.googleapis.com/du-prd/books/images/9780807047415.jpg",330,495
"125","HIDDEN VALLEY ROAD","Paperback Nonfiction",5,0,1,"Robert Kolker","Anchor","From 1945 to 1965, a family in Colorado had 12 children, six of whom went on to develop schizophrenia.","2021-03-21","https://storage.googleapis.com/du-prd/books/images/9780385543767.jpg",329,500
"126","BRAIDING SWEETGRASS","Paperback Nonfiction",6,5,47,"Robin Wall Kimmerer","Milkweed Editions","A botanist and member of the Citizen Potawatomi Nation espouses having an understanding and appreciation of plants and animals.","2021-03-21","https://storage.googleapis.com/du-prd/books/images/9781571313560.jpg",321,495
"127","THINKING, FAST AND SLOW","Paperback Nonfiction",7,3,262,"Daniel Kahneman","Farrar, Straus & Giroux","When we can and cannot trust our intuitions in making business and personal decisions.","2021-03-21","https://storage.googleapis.com/du-prd/books/images/9781429969352.jpg",330,490
"128","THE WARMTH OF OTHER SUNS","Paperback Nonfiction",8,7,62,"Isabel Wilkerson","Vintage","An account of the Great Migration of 1915-70, in which six million African-Americans abandoned the South.","2021-03-21","https://storage.googleapis.com/du-prd/books/images/9780679763888.jpg",298,450
"129","SAPIENS","Paperback Nonfiction",9,11,134,"Yuval Noah Harari","Harper Perennial","How Homo sapiens became Earth’s dominant species.","2021-03-21","https://storage.googleapis.com/du-prd/books/images/9780062316097.jpg",128,192
"130","JUST MERCY","Paperback Nonfiction",10,12,244,"Bryan Stevenson","One World","A civil rights lawyer and MacArthur grant recipient’s memoir of his decades of work to free innocent people condemned to death.","2021-03-21","https://storage.googleapis.com/du-prd/books/images/9780812994520.jpg",128,193
"131","THE BODY","Paperback Nonfiction",11,6,6,"Bill Bryson","Anchor","An owner’s manual of the human body covering various parts, functions and what happens when things go wrong.","2021-03-21","https://storage.googleapis.com/du-prd/books/images/9780385539302.jpg",330,482
"132","HOOD FEMINISM","Paperback Nonfiction",12,13,2,"Mikki Kendall","Penguin","A critique of how today's mainstream feminism overlooks basic needs such as access to food, education, living wages and medical care.","2021-03-21","https://storage.googleapis.com/du-prd/books/images/9780525560548.jpg",333,500
"133","BORN A CRIME","Paperback Nonfiction",13,8,108,"Trevor Noah","One World","A memoir about growing up biracial in apartheid South Africa by the host of “The Daily Show.”","2021-03-21","https://storage.googleapis.com/du-prd/books/images/9780399588181.jpg",326,495
"134","THE CHOICE","Paperback Nonfiction",14,0,4,"Edith Eva Eger","Scribner","Dr. Eger recounts her life and survivor’s guilt during and after her imprisonment in Auschwitz.","2021-03-21","https://storage.googleapis.com/du-prd/books/images/9781501130793.jpg",325,495
"135","THE COLOR OF LAW","Paperback Nonfiction",15,14,43,"Richard Rothstein","Liveright","A case for how the American government abetted racial segregation in metropolitan areas across the country.","2021-03-21","https://storage.googleapis.com/du-prd/books/images/9781631494536.jpg",314,495
